﻿{"cameraMode":{"drawMode":0,"name":"Shaded","section":"Shading Mode"},"sceneLighting":true,"audioPlay":false,"sceneViewState":{"showFog":true,"showMaterialUpdate":false,"showSkybox":true,"showFlares":true,"showImageEffects":true,"showParticleSystems":true},"in2DMode":false,"pivot":{"x":-0.09721660614013672,"y":-0.10241150856018067,"z":0.48840904235839846},"rotation":{"x":-0.0896185040473938,"y":0.8832694888114929,"z":-0.18854837119579316,"w":-0.41982516646385195},"size":20.83185386657715,"orthographic":false}